word,percent
the,0.0565107647867
,0.0523816907134
to,0.0257215054079
of,0.0250482260766
a,0.0243078981812
and,0.0227434316852
in,0.0203673981944
that,0.0115267656471
for,0.00903200032407
on,0.00840481688059
is,0.00780417349375
it,0.00710854464107
was,0.00694790745622
said,0.00684314407479
he,0.00647717066234
with,0.00617265843366
as,0.0057005247947
at,0.00496578427963
by,0.00489733887043
his,0.00473251115032
have,0.00440844309044
be,0.00428691756798
i,0.00425758382118
from,0.00409554979124
but,0.00407878765021
has,0.00395027790233
are,0.0039432936769
an,0.0037868470273
not,0.00374494167473
they,0.00350747801017
who,0.00338455564263
this,0.0030940118648
had,0.00301439169492
we,0.00272803845235
were,0.00262886245127
would,0.00251432115424
their,0.0024598441959
been,0.00241793884333
or,0.00237603349076
about,0.00236346188499
will,0.00234390605379
one,0.00227825433476
more,0.00226149219373
which,0.00221399946082
you,0.00208548971293
she,0.00202542537425
after,0.00196955157082
its,0.00194859889454
when,0.00194580520437
people,0.00185081973854
there,0.00181170807614
new,0.00179773962528
—,0.00179215224494
her,0.00170554784963
out,0.00168319832826
mr,0.00166084880688
up,0.00165386458146
all,0.0016496740462
if,0.00157005387631
also,0.00155748227054
can,0.00153932328443
what,0.00150719584746
into,0.00146808418506
than,0.00146808418506
some,0.00145970311455
no,0.00144573466369
last,0.0014052261562
two,0.00139125770535
other,0.00136890818398
over,0.0013563365782
so,0.00132979652158
years,0.00129766908461
them,0.00129766908461
like,0.00129068485918
could,0.00122084260489
government,0.00118173094249
president,0.00115798457604
time,0.00114820666044
first,0.00113703189975
just,0.00113423820958
most,0.00113144451941
year,0.00110630130787
do,0.00110490446278
him,0.00109093601192
my,0.00107138018072
because,0.00103785589867
where,0.00102668113798
â,0.00102388744781
only,0.000959632573869
now,0.000954045193526
our,0.000945664123012
how,0.000923314601641
any,0.000917727221298
state,0.000893980854841
many,0.000880012403984
say,0.000866043953127
before,0.000863250262956
even,0.000847884967014
those,0.000845091276842
made,0.000833916516157
then,0.0008297259809
sunday,0.0008297259809
house,0.0008297259809
police,0.000815757530043
while,0.000811566994786
get,0.000785026938157
against,0.000778042712729
being,0.000758486881529
such,0.000747312120844
u.s,0.000736137360158
country,0.000731946824901
three,0.000730549979816
told,0.00072915313473
did,0.00072915313473
me,0.000724962599473
through,0.000723565754387
since,0.000716581528959
officials,0.000710994148616
much,0.000706803613359
down,0.000704009923187
during,0.000698422542845
way,0.000697025697759
back,0.000687247782159
make,0.000683057246902
says,0.000683057246902
very,0.000678866711645
going,0.000671882486217
still,0.000670485641131
may,0.00066769195096
obama,0.000659310880445
-,0.000659310880445
states,0.000652326655017
2013,0.000645342429589
including,0.000639755049246
day,0.00063835820416
friday,0.000634167668903
week,0.000632770823817
city,0.000624389753303
know,0.000620199218046
off,0.00061880237296
your,0.000614611837703
us,0.000613214992618
public,0.000613214992618
world,0.000609024457361
these,0.000609024457361
want,0.000603437077018
take,0.000602040231932
according,0.000600643386846
million,0.000593659161418
work,0.000590865471247
part,0.00058667493599
united,0.000581087555647
national,0.000578293865475
under,0.000575500175304
home,0.000574103330218
group,0.000572706485133
around,0.000571309640047
days,0.000569912794961
news,0.000569912794961
party,0.000565722259704
former,0.000561531724447
should,0.000554547499019
percent,0.000554547499019
think,0.000544769583419
see,0.000539182203076
another,0.000534991667819
best,0.000529404287476
security,0.000529404287476
between,0.000529404287476
next,0.000525213752219
north,0.000522420062048
political,0.000519626371876
saturday,0.000514038991534
university,0.000509848456277
long,0.00050565792102
life,0.000500070540677
go,0.00049588000542
big,0.000494483160334
well,0.000491689470163
report,0.000479117864391
left,0.000477721019306
white,0.000474927329134
children,0.000470736793877
department,0.000469339948792
four,0.000467943103706
law,0.000467943103706
court,0.000463752568449
called,0.000460958878278
case,0.000455371497935
used,0.000453974652849
feb,0.000453974652849
march,0.000446990427421
“i,0.000445593582335
whether,0.000444196737249
director,0.000442799892164
both,0.000442799892164
come,0.000442799892164
never,0.000441403047078
(ap,0.000437212511821
found,0.000437212511821
south,0.000437212511821
international,0.000435815666735
killed,0.000435815666735
little,0.000435815666735
military,0.000434418821649
same,0.000434418821649
few,0.000433021976564
use,0.000430228286392
school,0.000427434596221
federal,0.000423244060964
own,0.000416259835535
--,0.000413466145364
office,0.000413466145364
came,0.000412069300278
family,0.000412069300278
help,0.000412069300278
second,0.000412069300278
later,0.000409275610107
place,0.000409275610107
really,0.000407878765021
team,0.000406481919936
death,0.000406481919936
show,0.000406481919936
tax,0.000406481919936
month,0.000403688229764
don,0.000400894539593
good,0.000399497694507
too,0.000399497694507
cuts,0.000398100849421
company,0.00039530715925
support,0.00039530715925
minister,0.00039530715925
here,0.00039530715925
american,0.000393910314164
set,0.000391116623993
need,0.000391116623993
right,0.000389719778907
gun,0.000388322933822
without,0.000388322933822
took,0.000388322933822
10,0.000388322933822
rutgers,0.000386926088736
information,0.000386926088736
end,0.000386926088736
washington,0.000386926088736
put,0.00038552924365
months,0.000382735553479
early,0.000378545018222
health,0.000377148173136
until,0.000377148173136
got,0.000374354482965
something,0.000372957637879
members,0.000372957637879
top,0.000372957637879
night,0.000371560792793
might,0.000371560792793
2011,0.000371560792793
chief,0.000370163947708
several,0.000368767102622
among,0.000364576567365
rights,0.000356195496851
least,0.000356195496851
each,0.000353401806679
money,0.000352004961594
china,0.000350608116508
york,0.000350608116508
away,0.000349211271422
official,0.000349211271422
asked,0.000349211271422
local,0.000347814426337
media,0.000347814426337
five,0.000346417581251
power,0.000345020736165
women,0.00034362389108
deal,0.000340830200908
wednesday,0.000339433355823
rice,0.000338036510737
every,0.000338036510737
won,0.000335242820565
far,0.000335242820565
past,0.00033384597548
man,0.000332449130394
does,0.000332449130394
video,0.000331052285308
things,0.000329655440223
times,0.000328258595137
statement,0.000328258595137
number,0.000326861750051
recent,0.000326861750051
outside,0.000326861750051
become,0.000325464904966
system,0.00032406805988
though,0.00032406805988
authorities,0.000322671214794
john,0.000319877524623
already,0.000319877524623
thursday,0.000319877524623
went,0.000319877524623
across,0.000317083834452
it’s,0.00031429014428
pay,0.000312893299194
major,0.000311496454109
often,0.000310099609023
economic,0.000307305918852
seen,0.000307305918852
known,0.000305909073766
business,0.000305909073766
clear,0.000305909073766
point,0.00030451222868
less,0.00030451222868
lot,0.000303115383595
once,0.000300321693423
leader,0.000300321693423
pernetti,0.000298924848338
war,0.000298924848338
find,0.000298924848338
must,0.000298924848338
vote,0.000297528003252
decision,0.000296131158166
billion,0.000296131158166
ago,0.000296131158166
began,0.00029473431308
why,0.00029473431308
forces,0.00029473431308
administration,0.000291940622909
men,0.000290543777823
reported,0.000289146932738
high,0.000289146932738
near,0.000287750087652
thing,0.000287750087652
however,0.000286353242566
saying,0.000284956397481
wrote,0.000284956397481
financial,0.000284956397481
“the,0.000284956397481
great,0.000284956397481
human,0.000283559552395
expected,0.000283559552395
others,0.000283559552395
leaders,0.000282162707309
press,0.000279369017138
korea,0.000279369017138
young,0.000279369017138
20,0.000279369017138
yet,0.000276575326967
foreign,0.000276575326967
having,0.000276575326967
added,0.000275178481881
always,0.000273781636795
game,0.000273781636795
weeks,0.000272384791709
give,0.000270987946624
2012,0.000270987946624
believe,0.000269591101538
executive,0.000269591101538
kind,0.000268194256452
trying,0.000268194256452
enough,0.000266797411367
legal,0.000266797411367
issue,0.000266797411367
spending,0.000266797411367
“we,0.000265400566281
change,0.000265400566281
look,0.000265400566281
secretary,0.000264003721195
companies,0.000264003721195
don’t,0.000264003721195
play,0.00026260687611
program,0.00026260687611
start,0.00026260687611
small,0.000261210031024
british,0.000261210031024
within,0.000261210031024
making,0.000259813185938
taken,0.000258416340853
head,0.000257019495767
capital,0.000255622650681
policy,0.000254225805595
future,0.000254225805595
late,0.000254225805595
force,0.000254225805595
senior,0.000254225805595
opposition,0.000254225805595
republican,0.00025282896051
center,0.00025282896051
person,0.00025282896051
los,0.00025282896051
thought,0.00025282896051
likely,0.000251432115424
food,0.000251432115424
along,0.000251432115424
angeles,0.000250035270338
control,0.000250035270338
different,0.000250035270338
conference,0.000248638425253
congress,0.000248638425253
industry,0.000247241580167
act,0.000247241580167
groups,0.000247241580167
whose,0.000247241580167
agency,0.000247241580167
london,0.000245844735081
given,0.000245844735081
campaign,0.000244447889996
spokesman,0.00024305104491
fire,0.00024305104491
wanted,0.00024305104491
working,0.000241654199824
led,0.000241654199824
released,0.000241654199824
able,0.000241654199824
six,0.000240257354739
thousands,0.000240257354739
service,0.000238860509653
bill,0.000238860509653
budget,0.000237463664567
again,0.000237463664567
held,0.000237463664567
election,0.000234669974396
research,0.00023327312931
hours,0.00023327312931
died,0.00023327312931
care,0.00023327312931
violence,0.00023327312931
keep,0.000231876284224
senate,0.000231876284224
bank,0.000231876284224
close,0.000231876284224
taking,0.000231876284224
feel,0.000231876284224
ever,0.000231876284224
role,0.000230479439139
social,0.000230479439139
almost,0.000229082594053
job,0.000229082594053
film,0.000229082594053
final,0.000229082594053
plan,0.000227685748967
plans,0.000227685748967
economy,0.000226288903882
run,0.000224892058796
black,0.000224892058796
shot,0.000224892058796
prime,0.000224892058796
started,0.00022349521371
nothing,0.00022349521371
third,0.000222098368625
car,0.000222098368625
important,0.000222098368625
tuesday,0.000220701523539
questions,0.000220701523539
live,0.000220701523539
attack,0.000220701523539
announced,0.000220701523539
ms,0.000220701523539
monday,0.000220701523539
better,0.000220701523539
said:,0.000219304678453
himself,0.000219304678453
prison,0.000219304678453
let,0.000217907833368
families,0.000217907833368
half,0.000217907833368
killing,0.000217907833368
move,0.000217907833368
street,0.000217907833368
dr,0.000216510988282
european,0.000216510988282
inside,0.000216510988282
syria,0.000216510988282
old,0.000216510988282
central,0.000215114143196
defense,0.000215114143196
involved,0.000215114143196
call,0.000215114143196
french,0.000215114143196
republicans,0.000215114143196
using,0.00021371729811
hospital,0.00021371729811
today,0.00021371729811
name,0.00021371729811
minutes,0.00021371729811
based,0.00021371729811
general,0.000212320453025
area,0.000212320453025
site,0.000210923607939
hit,0.000210923607939
due,0.000209526762853
face,0.000209526762853
nearly,0.000209526762853
1,0.000209526762853
large,0.000208129917768
iran,0.000208129917768
countries,0.000206733072682
west,0.000205336227596
crisis,0.000205336227596
coach,0.000205336227596
chinese,0.000205336227596
behind,0.000203939382511
record,0.000203939382511
open,0.000203939382511
win,0.000203939382511
together,0.000202542537425
union,0.000201145692339
justice,0.000201145692339
space,0.000201145692339
earlier,0.000201145692339
30,0.000201145692339
meeting,0.000201145692339
players,0.000201145692339
sent,0.000199748847254
david,0.000199748847254
weapons,0.000199748847254
although,0.000198352002168
committee,0.000198352002168
army,0.000196955157082
further,0.000196955157082
despite,0.000195558311997
private,0.000195558311997
2010,0.000195558311997
officers,0.000195558311997
civil,0.000195558311997
doing,0.000195558311997
woman,0.000195558311997
britain,0.000195558311997
full,0.000194161466911
process,0.000194161466911
coming,0.000194161466911
rather,0.000194161466911
action,0.000194161466911
race,0.000194161466911
recently,0.000194161466911
shooting,0.000194161466911
didn,0.000192764621825
talks,0.000192764621825
town,0.000192764621825
(reuters),0.000192764621825
love,0.000191367776739
trial,0.000191367776739
looking,0.000191367776739
done,0.000189970931654
community,0.000188574086568
line,0.000188574086568
provide,0.000188574086568
latest,0.000188574086568
series,0.000188574086568
became,0.000188574086568
morning,0.000187177241482
investigation,0.000187177241482
possible,0.000187177241482
result,0.000187177241482
nuclear,0.000185780396397
test,0.000185780396397
cut,0.000185780396397
evidence,0.000185780396397
county,0.000185780396397
friends,0.000185780396397
services,0.000184383551311
labour,0.000184383551311
saw,0.000184383551311
season,0.000184383551311
lost,0.000182986706225
am,0.000182986706225
council,0.000182986706225
market,0.000182986706225
free,0.000182986706225
internet,0.00018158986114
education,0.00018158986114
medical,0.00018158986114
continue,0.00018158986114
air,0.00018158986114
hard,0.00018158986114
return,0.00018158986114
shows,0.000180193016054
comes,0.000180193016054
real,0.000180193016054
church,0.000180193016054
coalition,0.000180193016054
facebook,0.000180193016054
turned,0.000178796170968
data,0.000178796170968
nation,0.000178796170968
building,0.000178796170968
main,0.000178796170968
2008,0.000178796170968
fact,0.000177399325883
east,0.000177399325883
body,0.000177399325883
music,0.000176002480797
makes,0.000176002480797
room,0.000176002480797
turn,0.000176002480797
points,0.000176002480797
presidential,0.000176002480797
january,0.000176002480797
order,0.000176002480797
front,0.000176002480797
awards,0.000174605635711
story,0.000174605635711
growing,0.000174605635711
idea,0.000174605635711
issues,0.000174605635711
cyprus,0.000174605635711
board,0.000174605635711
mother,0.000174605635711
course,0.000174605635711
april,0.000173208790625
anything,0.000173208790625
appeared,0.000173208790625
officer,0.000173208790625
strong,0.00017181194554
everything,0.00017181194554
college,0.00017181194554
lead,0.00017181194554
sometimes,0.000170415100454
 ,0.000170415100454
stop,0.000170415100454
dorner,0.000170415100454
review,0.000170415100454
getting,0.000170415100454
residents,0.000169018255368
question,0.000169018255368
democrats,0.000169018255368
serious,0.000169018255368
cases,0.000167621410283
file,0.000167621410283
syrian,0.000167621410283
actually,0.000167621410283
safety,0.000166224565197
father,0.000166224565197
someone,0.000166224565197
intelligence,0.000166224565197
december,0.000166224565197
elections,0.000164827720111
letter,0.000164827720111
global,0.000164827720111
short,0.000163430875026
ebel,0.000163430875026
ask,0.000163430875026
problems,0.000163430875026
korean,0.000163430875026
side,0.000163430875026
cnn,0.000163430875026
efforts,0.000163430875026
effort,0.00016203402994
photo,0.00016203402994
michael,0.000160637184854
ocean,0.000160637184854
spent,0.000160637184854
history,0.000160637184854
editing,0.000160637184854
eight,0.000159240339769
special,0.000157843494683
concerns,0.000157843494683
sure,0.000157843494683
showed,0.000157843494683
biggest,0.000157843494683
played,0.000157843494683
2009,0.000157843494683
parents,0.000156446649597
largest,0.000156446649597
students,0.000156446649597
member,0.000156446649597
forced,0.000156446649597
tried,0.000156446649597
“it,0.000156446649597
americans,0.000156446649597
pressure,0.000155049804512
failed,0.000155049804512
accused,0.000155049804512
themselves,0.000155049804512
immigration,0.000155049804512
workers,0.000155049804512
living,0.000155049804512
attacks,0.000153652959426
conservative,0.000153652959426
described,0.000153652959426
forward,0.000153652959426
europe,0.000153652959426
mike,0.000153652959426
california,0.000153652959426
development,0.00015225611434
marriage,0.00015225611434
fighting,0.00015225611434
leave,0.00015225611434
tv,0.00015225611434
oil,0.00015225611434
judge,0.00015225611434
southern,0.00015225611434
barchi,0.00015225611434
meet,0.000150859269254
leading,0.000150859269254
al,0.000150859269254
matter,0.000150859269254
moment,0.000150859269254
worked,0.000150859269254
instead,0.000150859269254
talk,0.000150859269254
afghanistan,0.000150859269254
parliament,0.000150859269254
attention,0.000149462424169
decades,0.000149462424169
whole,0.000149462424169
allow,0.000149462424169
sales,0.000149462424169
try,0.000149462424169
15,0.000149462424169
response,0.000149462424169
tim,0.000149462424169
troops,0.000148065579083
interview,0.000148065579083
heard,0.000148065579083
published,0.000148065579083
bit,0.000148065579083
longer,0.000148065579083
enforcement,0.000146668733997
hundreds,0.000146668733997
western,0.000146668733997
soon,0.000146668733997
brought,0.000146668733997
online,0.000146668733997
charges,0.000146668733997
problem,0.000145271888912
gave,0.000145271888912
allegations,0.000145271888912
difficult,0.000145271888912
child,0.000145271888912
create,0.000145271888912
sign,0.000145271888912
uk,0.000145271888912
immediately,0.000145271888912
24,0.000145271888912
happened,0.000145271888912
seems,0.000145271888912
dead,0.000145271888912
threat,0.000145271888912
situation,0.000143875043826
technology,0.000143875043826
ground,0.000143875043826
quickly,0.000143875043826
age,0.000143875043826
running,0.000143875043826
november,0.00014247819874
lives,0.00014247819874
needs,0.00014247819874
sense,0.00014247819874
island,0.00014247819874
17,0.00014247819874
named,0.00014247819874
rest,0.00014247819874
means,0.00014247819874
single,0.00014247819874
experts,0.00014247819874
hold,0.00014247819874
itself,0.00014247819874
homes,0.00014247819874
water,0.00014247819874
fired,0.00014247819874
met,0.000141081353655
perhaps,0.000141081353655
current,0.000141081353655
products,0.000141081353655
tell,0.000141081353655
gas,0.000141081353655
february,0.000141081353655
staff,0.000141081353655
didn’t,0.000141081353655
couple,0.000139684508569
toward,0.000139684508569
millions,0.000139684508569
region,0.000139684508569
son,0.000139684508569
remains,0.000139684508569
district,0.000139684508569
twitter,0.000139684508569
claims,0.000139684508569
risk,0.000139684508569
pakistan,0.000139684508569
significant,0.000138287663483
term,0.000138287663483
democratic,0.000138287663483
senator,0.000138287663483
helped,0.000138287663483
view,0.000138287663483
book,0.000138287663483
interest,0.000136890818398
seven,0.000136890818398
fight,0.000136890818398
form,0.000136890818398
comment,0.000136890818398
bring,0.000136890818398
probably,0.000136890818398
details,0.000135493973312
impact,0.000135493973312
vice,0.000135493973312
heart,0.000135493973312
park,0.000135493973312
release,0.000135493973312
agreement,0.000135493973312
jobs,0.000135493973312
particularly,0.000135493973312
needed,0.000134097128226
station,0.000134097128226
popular,0.000134097128226
wife,0.000134097128226
bad,0.000134097128226
treatment,0.000134097128226
project,0.000134097128226
post,0.000134097128226
potential,0.000134097128226
port,0.00013270028314
agreed,0.00013270028314
firm,0.00013270028314
study,0.00013270028314
paid,0.00013270028314
fall,0.00013270028314
search,0.00013270028314
everyone,0.00013270028314
included,0.00013270028314
reporters,0.00013270028314
rules,0.00013270028314
either,0.00013270028314
served,0.00013270028314
fans,0.00013270028314
add,0.00013270028314
contributed,0.00013270028314
personal,0.00013270028314
especially,0.00013270028314
door,0.000131303438055
range,0.000131303438055
robert,0.000131303438055
debt,0.000131303438055
available,0.000131303438055
11,0.000131303438055
deep,0.000131303438055
“it’s,0.000131303438055
share,0.000131303438055
following,0.000129906592969
cost,0.000129906592969
miles,0.000129906592969
rebels,0.000129906592969
gone,0.000129906592969
raised,0.000129906592969
aid,0.000129906592969
athletic,0.000129906592969
television,0.000129906592969
12,0.000129906592969
reporting,0.000129906592969
games,0.000129906592969
afghan,0.000129906592969
received,0.000129906592969
lawyers,0.000129906592969
road,0.000129906592969
annual,0.000129906592969
phone,0.000129906592969
scene,0.000128509747883
level,0.000128509747883
rate,0.000128509747883
areas,0.000128509747883
mean,0.000128509747883
sports,0.000128509747883
paul,0.000128509747883
weekend,0.000127112902798
source,0.000127112902798
doesn,0.000127112902798
criminal,0.000127112902798
(ap),0.000127112902798
associated,0.000127112902798
decided,0.000127112902798
reach,0.000127112902798
experience,0.000125716057712
40,0.000125716057712
paper,0.000125716057712
guns,0.000125716057712
happen,0.000125716057712
sources,0.000125716057712
candidate,0.000125716057712
daily,0.000125716057712
wants,0.000124319212626
reform,0.000124319212626
chavez,0.000124319212626
similar,0.000124319212626
numbers,0.000124319212626
huge,0.000124319212626
include,0.000124319212626
victims,0.000124319212626
read,0.000124319212626
ahead,0.000124319212626
&,0.000124319212626
growth,0.000124319212626
previous,0.000124319212626
allowed,0.000124319212626
gay,0.000124319212626
account,0.000124319212626
offer,0.000124319212626
results,0.000122922367541
husband,0.000122922367541
chairman,0.000122922367541
basketball,0.000122922367541
pope,0.000122922367541
nations,0.000122922367541
knew,0.000122922367541
chance,0.000122922367541
network,0.000122922367541
effect,0.000122922367541
warned,0.000122922367541
stay,0.000121525522455
tom,0.000121525522455
parties,0.000121525522455
seemed,0.000121525522455
decade,0.000121525522455
band,0.000121525522455
terms,0.000121525522455
position,0.000121525522455
declined,0.000121525522455
reports,0.000121525522455
built,0.000121525522455
armed,0.000121525522455
changes,0.000121525522455
5,0.000121525522455
america,0.000120128677369
laws,0.000120128677369
conflict,0.000120128677369
playing,0.000120128677369
quite,0.000120128677369
debate,0.000120128677369
goes,0.000118731832284
higher,0.000118731832284
leaving,0.000118731832284
spoke,0.000118731832284
believed,0.000118731832284
2,0.000118731832284
appears,0.000118731832284
protests,0.000118731832284
voters,0.000118731832284
incident,0.000118731832284
colorado,0.000118731832284
blame,0.000118731832284
speech,0.000118731832284
trade,0.000118731832284
movie,0.000118731832284
answer,0.000118731832284
operations,0.000118731832284
behavior,0.000118731832284
address,0.000117334987198
supporters,0.000117334987198
middle,0.000117334987198
victory,0.000117334987198
follow,0.000117334987198
schools,0.000117334987198
cameron,0.000117334987198
step,0.000117334987198
watch,0.000117334987198
break,0.000117334987198
independent,0.000117334987198
ban,0.000117334987198
adding,0.000117334987198
wrong,0.000115938142112
activists,0.000115938142112
peace,0.000115938142112
lawyer,0.000115938142112
measures,0.000115938142112
that’s,0.000115938142112
cars,0.000115938142112
light,0.000115938142112
beyond,0.000115938142112
driver,0.000115938142112
violent,0.000115938142112
art,0.000115938142112
suggested,0.000114541297027
afternoon,0.000114541297027
lawmakers,0.000114541297027
records,0.000114541297027
friend,0.000114541297027
moved,0.000114541297027
felt,0.000114541297027
offered,0.000114541297027
cause,0.000114541297027
example,0.000114541297027
russia,0.000114541297027
message,0.000114541297027
oscar,0.000114541297027
chris,0.000114541297027
simply,0.000114541297027
agencies,0.000114541297027
egypt,0.000114541297027
calls,0.000114541297027
â¢,0.000114541297027
writing,0.000114541297027
june,0.000114541297027
visit,0.000113144451941
speaking,0.000113144451941
remain,0.000113144451941
access,0.000113144451941
list,0.000113144451941
france,0.000113144451941
avoid,0.000113144451941
considered,0.000113144451941
legislation,0.000113144451941
club,0.000113144451941
charged,0.000113144451941
florida,0.000113144451941
george,0.000113144451941
performance,0.000111747606855
stage,0.000111747606855
islamist,0.000111747606855
average,0.000111747606855
cia,0.000111747606855
red,0.000111747606855
reason,0.000111747606855
anyone,0.000111747606855
continued,0.000111747606855
energy,0.000111747606855
serve,0.000110350761769
politics,0.000110350761769
price,0.000110350761769
8,0.000110350761769
brother,0.000110350761769
san,0.000110350761769
career,0.000110350761769
track,0.000110350761769
scandal,0.000110350761769
whom,0.000110350761769
daytona,0.000108953916684
sunni,0.000108953916684
hand,0.000108953916684
star,0.000108953916684
majority,0.000108953916684
condition,0.000108953916684
fund,0.000108953916684
4,0.000108953916684
total,0.000108953916684
parts,0.000108953916684
player,0.000108953916684
james,0.000108953916684
injured,0.000108953916684
box,0.000107557071598
figure,0.000107557071598
documents,0.000107557071598
u.n,0.000107557071598
designed,0.000107557071598
events,0.000107557071598
album,0.000107557071598
reduce,0.000107557071598
increase,0.000107557071598
cannot,0.000107557071598
takes,0.000107557071598
northern,0.000107557071598
kim,0.000107557071598
ruling,0.000107557071598
floor,0.000107557071598
arms,0.000107557071598
employees,0.000107557071598
raise,0.000107557071598
calling,0.000107557071598
newspaper,0.000106160226512
key,0.000106160226512
base,0.000106160226512
understand,0.000106160226512
28,0.000106160226512
society,0.000106160226512
target,0.000106160226512
mark,0.000106160226512
cup,0.000104763381427
reached,0.000104763381427
weather,0.000104763381427
actor,0.000104763381427
works,0.000104763381427
protect,0.000104763381427
provided,0.000104763381427
looked,0.000104763381427
subject,0.000104763381427
vegas,0.000104763381427
3,0.000104763381427
worth,0.000103366536341
else,0.000103366536341
entire,0.000103366536341
proposed,0.000103366536341
opening,0.000103366536341
broke,0.000103366536341
mission,0.000103366536341
involving,0.000103366536341
certain,0.000103366536341
event,0.000103366536341
guard,0.000103366536341
ways,0.000103366536341
murdoch,0.000103366536341
deputy,0.000103366536341
murdock,0.000103366536341
period,0.000101969691255
feet,0.000101969691255
liberal,0.000101969691255
construction,0.000101969691255
written,0.000101969691255
field,0.000101969691255
issued,0.000101969691255
ready,0.000101969691255
dog,0.000101969691255
gets,0.000101969691255
easy,0.000101969691255
scheduled,0.000101969691255
soldiers,0.000101969691255
domestic,0.000101969691255
common,0.00010057284617
stand,0.00010057284617
mali,0.00010057284617
african,0.00010057284617
web,9.9176001084e-05
approach,9.9176001084e-05
cable,9.9176001084e-05
responsible,9.9176001084e-05
citizens,9.9176001084e-05
hope,9.9176001084e-05
confirmed,9.9176001084e-05
planned,9.9176001084e-05
negotiations,9.9176001084e-05
award,9.9176001084e-05
usually,9.9176001084e-05
low,9.9176001084e-05
seem,9.9176001084e-05
25,9.9176001084e-05
de,9.9176001084e-05
hotel,9.9176001084e-05
bush,9.9176001084e-05
democrat,9.9176001084e-05
movement,9.9176001084e-05
lack,9.9176001084e-05
crash,9.9176001084e-05
taxes,9.77791559983e-05
safe,9.77791559983e-05
i’m,9.77791559983e-05
fourth,9.77791559983e-05
rare,9.77791559983e-05
bomb,9.77791559983e-05
dollars,9.77791559983e-05
barack,9.77791559983e-05
rescue,9.77791559983e-05
per,9.77791559983e-05
sort,9.77791559983e-05
mass,9.77791559983e-05
buy,9.77791559983e-05
meat,9.77791559983e-05
hagel,9.77791559983e-05
50,9.77791559983e-05
charge,9.77791559983e-05
mind,9.77791559983e-05
eventually,9.77791559983e-05
mexico,9.77791559983e-05
travel,9.63823109126e-05
leadership,9.63823109126e-05
operation,9.63823109126e-05
streets,9.63823109126e-05
beginning,9.63823109126e-05
ensure,9.63823109126e-05
version,9.63823109126e-05
professor,9.63823109126e-05
fair,9.63823109126e-05
influence,9.63823109126e-05
relationship,9.63823109126e-05
fell,9.63823109126e-05
reuters,9.63823109126e-05
owners,9.63823109126e-05
posted,9.63823109126e-05
challenge,9.63823109126e-05
heavy,9.63823109126e-05
launch,9.63823109126e-05
conditions,9.63823109126e-05
johnson,9.63823109126e-05
responsibility,9.63823109126e-05
myself,9.63823109126e-05
july,9.63823109126e-05
anastasiades,9.63823109126e-05
ministry,9.63823109126e-05
supreme,9.63823109126e-05
song,9.63823109126e-05
practice,9.63823109126e-05
evening,9.49854658269e-05
israel,9.49854658269e-05
drug,9.49854658269e-05
opened,9.49854658269e-05
concern,9.49854658269e-05
governor,9.49854658269e-05
filed,9.49854658269e-05
clements,9.49854658269e-05
bus,9.49854658269e-05
hear,9.49854658269e-05
o,9.49854658269e-05
alone,9.49854658269e-05
scotland,9.49854658269e-05
exactly,9.49854658269e-05
museum,9.49854658269e-05
increasingly,9.35886207412e-05
independence,9.35886207412e-05
picture,9.35886207412e-05
apartment,9.35886207412e-05
border,9.35886207412e-05
seeking,9.35886207412e-05
academy,9.35886207412e-05
progress,9.35886207412e-05
6,9.35886207412e-05
association,9.35886207412e-05
hearing,9.35886207412e-05
concerned,9.35886207412e-05
critical,9.35886207412e-05
claimed,9.35886207412e-05
begin,9.21917756555e-05
prepared,9.21917756555e-05
sell,9.21917756555e-05
voice,9.21917756555e-05
vatican,9.21917756555e-05
complex,9.21917756555e-05
lower,9.21917756555e-05
income,9.21917756555e-05
dark,9.21917756555e-05
opportunity,9.21917756555e-05
focus,9.21917756555e-05
student,9.21917756555e-05
congressional,9.21917756555e-05
illegal,9.21917756555e-05
votes,9.21917756555e-05
build,9.21917756555e-05
lines,9.21917756555e-05
actions,9.21917756555e-05
words,9.21917756555e-05
protesters,9.21917756555e-05
caused,9.07949305698e-05
necessary,9.07949305698e-05
bob,9.07949305698e-05
sound,9.07949305698e-05
___,9.07949305698e-05
costs,9.07949305698e-05
markets,9.07949305698e-05
anthony,9.07949305698e-05
maybe,9.07949305698e-05
carry,9.07949305698e-05
starting,9.07949305698e-05
names,9.07949305698e-05
japan,9.07949305698e-05
older,9.07949305698e-05
website,9.07949305698e-05
18,9.07949305698e-05
training,9.07949305698e-05
richard,9.07949305698e-05
england,9.07949305698e-05
amount,9.07949305698e-05
changed,9.07949305698e-05
ability,8.93980854841e-05
blast,8.93980854841e-05
supporting,8.93980854841e-05
assad,8.93980854841e-05
investors,8.93980854841e-05
100,8.93980854841e-05
14,8.93980854841e-05
murder,8.93980854841e-05
wall,8.93980854841e-05
summer,8.93980854841e-05
las,8.93980854841e-05
neighborhood,8.93980854841e-05
organization,8.93980854841e-05
2006,8.93980854841e-05
wide,8.93980854841e-05
ones,8.93980854841e-05
emergency,8.80012403984e-05
previously,8.80012403984e-05
programs,8.80012403984e-05
royal,8.80012403984e-05
boy,8.80012403984e-05
africa,8.80012403984e-05
damage,8.80012403984e-05
russian,8.80012403984e-05
cancer,8.80012403984e-05
airport,8.80012403984e-05
secret,8.80012403984e-05
cuba,8.80012403984e-05
natural,8.80012403984e-05
policies,8.80012403984e-05
voting,8.80012403984e-05
hands,8.80012403984e-05
authority,8.80012403984e-05
committed,8.80012403984e-05
joint,8.80012403984e-05
signed,8.80012403984e-05
warning,8.80012403984e-05
labor,8.80012403984e-05
ran,8.80012403984e-05
earth,8.80012403984e-05
passed,8.80012403984e-05
protection,8.66043953127e-05
can’t,8.66043953127e-05
image,8.66043953127e-05
science,8.66043953127e-05
meanwhile,8.66043953127e-05
jersey,8.66043953127e-05
ended,8.66043953127e-05
fiscal,8.66043953127e-05
holding,8.66043953127e-05
finally,8.66043953127e-05
critics,8.66043953127e-05
girl,8.66043953127e-05
looks,8.66043953127e-05
faces,8.66043953127e-05
noted,8.66043953127e-05
attorney,8.52075502271e-05
investment,8.52075502271e-05
followed,8.52075502271e-05
taliban,8.52075502271e-05
poor,8.52075502271e-05
lived,8.52075502271e-05
crew,8.52075502271e-05
admitted,8.52075502271e-05
direct,8.52075502271e-05
9,8.52075502271e-05
users,8.52075502271e-05
rally,8.52075502271e-05
kept,8.52075502271e-05
ecuador,8.52075502271e-05
spend,8.52075502271e-05
ten,8.52075502271e-05
true,8.52075502271e-05
alexander,8.52075502271e-05
arias,8.52075502271e-05
trust,8.52075502271e-05
revenue,8.52075502271e-05
abuse,8.52075502271e-05
nearby,8.52075502271e-05
earned,8.52075502271e-05
piece,8.52075502271e-05
background,8.52075502271e-05
particular,8.52075502271e-05
2007,8.52075502271e-05
kill,8.52075502271e-05
“this,8.38107051414e-05
production,8.38107051414e-05
asking,8.38107051414e-05
guy,8.38107051414e-05
success,8.38107051414e-05
amid,8.38107051414e-05
contract,8.38107051414e-05
standards,8.38107051414e-05
prevent,8.38107051414e-05
green,8.38107051414e-05
language,8.38107051414e-05
giving,8.38107051414e-05
tests,8.38107051414e-05
specific,8.38107051414e-05
strike,8.38107051414e-05
scientists,8.38107051414e-05
created,8.38107051414e-05
16,8.38107051414e-05
eye,8.38107051414e-05
limited,8.38107051414e-05
williams,8.38107051414e-05
word,8.38107051414e-05
measure,8.38107051414e-05
sentence,8.38107051414e-05
waiting,8.38107051414e-05
benedict,8.24138600557e-05
levels,8.24138600557e-05
sheriff,8.24138600557e-05
additional,8.24138600557e-05
businesses,8.24138600557e-05
leaves,8.24138600557e-05
islamic,8.24138600557e-05
traditional,8.24138600557e-05
mayor,8.24138600557e-05
province,8.24138600557e-05
join,8.24138600557e-05
standard,8.24138600557e-05
denied,8.24138600557e-05
muslim,8.24138600557e-05
directly,8.24138600557e-05
banks,8.24138600557e-05
emerged,8.24138600557e-05
13,8.24138600557e-05
21,8.24138600557e-05
population,8.24138600557e-05
trip,8.24138600557e-05
sides,8.24138600557e-05
plant,8.24138600557e-05
projects,8.24138600557e-05
speak,8.24138600557e-05
thinking,8.24138600557e-05
approved,8.24138600557e-05
sanctions,8.24138600557e-05
analysts,8.24138600557e-05
above,8.24138600557e-05
anniversary,8.24138600557e-05
kids,8.101701497e-05
battle,8.101701497e-05
commission,8.101701497e-05
proposals,8.101701497e-05
assault,8.101701497e-05
wasn,8.101701497e-05
comments,8.101701497e-05
zone,8.101701497e-05
revolution,8.101701497e-05
mostly,8.101701497e-05
protest,8.101701497e-05
launched,8.101701497e-05
crime,8.101701497e-05
clinton,8.101701497e-05
iraq,8.101701497e-05
stopped,8.101701497e-05
apparently,8.101701497e-05
qaeda,8.101701497e-05
write,8.101701497e-05
mental,8.101701497e-05
acting,8.101701497e-05
powerful,7.96201698843e-05
flight,7.96201698843e-05
successful,7.96201698843e-05
republic,7.96201698843e-05
immediate,7.96201698843e-05
figures,7.96201698843e-05
reading,7.96201698843e-05
talking,7.96201698843e-05
camp,7.96201698843e-05
square,7.96201698843e-05
biden,7.96201698843e-05
property,7.96201698843e-05
sport,7.96201698843e-05
onto,7.96201698843e-05
lib,7.96201698843e-05
mobile,7.96201698843e-05
signs,7.82233247986e-05
confidence,7.82233247986e-05
suspected,7.82233247986e-05
sought,7.82233247986e-05
save,7.82233247986e-05
date,7.82233247986e-05
agree,7.82233247986e-05
size,7.82233247986e-05
isn,7.82233247986e-05
jews,7.82233247986e-05
conduct,7.82233247986e-05
arrived,7.82233247986e-05
joined,7.82233247986e-05
investigators,7.82233247986e-05
shiite,7.82233247986e-05
aware,7.82233247986e-05
certainly,7.82233247986e-05
management,7.82233247986e-05
hollywood,7.82233247986e-05
eyes,7.82233247986e-05
largely,7.82233247986e-05
gao,7.82233247986e-05
customers,7.82233247986e-05
films,7.82233247986e-05
cities,7.82233247986e-05
india,7.82233247986e-05
tough,7.82233247986e-05
prisoners,7.82233247986e-05
correa,7.82233247986e-05
paris,7.82233247986e-05
doesn’t,7.68264797129e-05
venezuela,7.68264797129e-05
editor,7.68264797129e-05
suspect,7.68264797129e-05
cash,7.68264797129e-05
carried,7.68264797129e-05
happy,7.68264797129e-05
sex,7.68264797129e-05
ministers,7.68264797129e-05
festival,7.68264797129e-05
struck,7.68264797129e-05
pushed,7.68264797129e-05
providing,7.68264797129e-05
sold,7.68264797129e-05
texas,7.68264797129e-05
jr,7.68264797129e-05
climate,7.68264797129e-05
path,7.68264797129e-05
heat,7.68264797129e-05
angry,7.68264797129e-05
drive,7.68264797129e-05
spring,7.68264797129e-05
nets,7.68264797129e-05
becoming,7.68264797129e-05
aimed,7.68264797129e-05
underground,7.68264797129e-05
seek,7.68264797129e-05
sector,7.68264797129e-05
watching,7.68264797129e-05
unit,7.68264797129e-05
complete,7.68264797129e-05
discuss,7.68264797129e-05
italy,7.68264797129e-05
english,7.68264797129e-05
choice,7.54296346272e-05
quarter,7.54296346272e-05
land,7.54296346272e-05
resignation,7.54296346272e-05
systems,7.54296346272e-05
hill,7.54296346272e-05
original,7.54296346272e-05
dozens,7.54296346272e-05
fully,7.54296346272e-05
finance,7.54296346272e-05
horsemeat,7.54296346272e-05
estimated,7.54296346272e-05
paying,7.54296346272e-05
worst,7.54296346272e-05
elsewhere,7.54296346272e-05
beach,7.54296346272e-05
seats,7.54296346272e-05
stories,7.54296346272e-05
rock,7.54296346272e-05
push,7.54296346272e-05
truck,7.54296346272e-05
produced,7.54296346272e-05
pistorius,7.54296346272e-05
vehicles,7.54296346272e-05
otherwise,7.54296346272e-05
j,7.54296346272e-05
nor,7.40327895415e-05
tiny,7.40327895415e-05
fighters,7.40327895415e-05
you’re,7.40327895415e-05
restaurant,7.40327895415e-05
teams,7.40327895415e-05
partner,7.40327895415e-05
hair,7.40327895415e-05
demands,7.40327895415e-05
send,7.40327895415e-05
housing,7.40327895415e-05
crimes,7.40327895415e-05
rebel,7.40327895415e-05
deficit,7.40327895415e-05
nine,7.40327895415e-05
fun,7.40327895415e-05
value,7.40327895415e-05
expressed,7.40327895415e-05
2014,7.40327895415e-05
supported,7.40327895415e-05
eat,7.40327895415e-05
modern,7.40327895415e-05
request,7.40327895415e-05
environment,7.40327895415e-05
500,7.40327895415e-05
expect,7.40327895415e-05
smith,7.40327895415e-05
rates,7.40327895415e-05
cairo,7.40327895415e-05
remained,7.40327895415e-05
william,7.40327895415e-05
institute,7.40327895415e-05
google,7.40327895415e-05
dangerous,7.40327895415e-05
rise,7.40327895415e-05
stands,7.40327895415e-05
brain,7.26359444559e-05
christopher,7.26359444559e-05
sexual,7.26359444559e-05
nhs,7.26359444559e-05
iranian,7.26359444559e-05
cover,7.26359444559e-05
researchers,7.26359444559e-05
atlanta,7.26359444559e-05
politicians,7.26359444559e-05
require,7.26359444559e-05
september,7.26359444559e-05
planning,7.26359444559e-05
damaged,7.26359444559e-05
daughter,7.26359444559e-05
highly,7.26359444559e-05
coast,7.26359444559e-05
radio,7.26359444559e-05
goal,7.26359444559e-05
walk,7.26359444559e-05
bond,7.26359444559e-05
currently,7.26359444559e-05
victim,7.26359444559e-05
fine,7.26359444559e-05
2005,7.26359444559e-05
identified,7.26359444559e-05
acknowledged,7.26359444559e-05
faced,7.26359444559e-05
leeds,7.26359444559e-05
pass,7.12390993702e-05
7,7.12390993702e-05
ordered,7.12390993702e-05
sites,7.12390993702e-05
regime,7.12390993702e-05
decisions,7.12390993702e-05
steps,7.12390993702e-05
standing,7.12390993702e-05
spread,7.12390993702e-05
arab,7.12390993702e-05
reforms,7.12390993702e-05
prosecutors,7.12390993702e-05
supply,7.12390993702e-05
same-sex,7.12390993702e-05
deeply,7.12390993702e-05
journalists,7.12390993702e-05
revealed,7.12390993702e-05
representatives,7.12390993702e-05
suffered,7.12390993702e-05
table,7.12390993702e-05
27,7.12390993702e-05
willing,7.12390993702e-05
italian,7.12390993702e-05
accounts,7.12390993702e-05
sit,7.12390993702e-05
pentagon,7.12390993702e-05
claim,7.12390993702e-05
benefits,7.12390993702e-05
bear,7.12390993702e-05
quick,7.12390993702e-05
double,7.12390993702e-05
various,7.12390993702e-05
“a,7.12390993702e-05
allies,6.98422542845e-05
era,6.98422542845e-05
loss,6.98422542845e-05
immigrants,6.98422542845e-05
p.m,6.98422542845e-05
larger,6.98422542845e-05
increasing,6.98422542845e-05
davis,6.98422542845e-05
shown,6.98422542845e-05
required,6.98422542845e-05
marijuana,6.98422542845e-05
audience,6.98422542845e-05
funding,6.98422542845e-05
eastern,6.98422542845e-05
country’s,6.98422542845e-05
israeli,6.98422542845e-05
hospitals,6.98422542845e-05
obama’s,6.98422542845e-05
doctors,6.98422542845e-05
actress,6.98422542845e-05
wouldn,6.98422542845e-05
dropped,6.98422542845e-05
holy,6.98422542845e-05
castro,6.98422542845e-05
consider,6.98422542845e-05
river,6.98422542845e-05
receive,6.98422542845e-05
rule,6.98422542845e-05
benefit,6.98422542845e-05
potentially,6.98422542845e-05
giant,6.98422542845e-05
centre,6.98422542845e-05
jan,6.84454091988e-05
greater,6.84454091988e-05
compared,6.84454091988e-05
decide,6.84454091988e-05
culture,6.84454091988e-05
grant,6.84454091988e-05
(the,6.84454091988e-05
arrested,6.84454091988e-05
sitting,6.84454091988e-05
hour,6.84454091988e-05
andrew,6.84454091988e-05
alleged,6.84454091988e-05
occurred,6.84454091988e-05
owned,6.84454091988e-05
mps,6.84454091988e-05
wish,6.84454091988e-05
changing,6.84454091988e-05
prices,6.84454091988e-05
returned,6.84454091988e-05
internal,6.84454091988e-05
fifth,6.84454091988e-05
jeff,6.84454091988e-05
drone,6.84454091988e-05
attempt,6.84454091988e-05
knows,6.84454091988e-05
smaller,6.84454091988e-05
wounded,6.84454091988e-05
michigan,6.84454091988e-05
computer,6.84454091988e-05
bar,6.84454091988e-05
traffic,6.70485641131e-05
learn,6.70485641131e-05
lawsuit,6.70485641131e-05
fraud,6.70485641131e-05
seat,6.70485641131e-05
winning,6.70485641131e-05
disease,6.70485641131e-05
football,6.70485641131e-05
spot,6.70485641131e-05
rival,6.70485641131e-05
closely,6.70485641131e-05
bonds,6.70485641131e-05
cold,6.70485641131e-05
missile,6.70485641131e-05
type,6.70485641131e-05
stood,6.70485641131e-05
putting,6.70485641131e-05
steve,6.70485641131e-05
anonymity,6.70485641131e-05
fresh,6.70485641131e-05
publicly,6.70485641131e-05
appear,6.70485641131e-05
remaining,6.70485641131e-05
ahmadinejad,6.70485641131e-05
failure,6.70485641131e-05
19,6.70485641131e-05
facing,6.70485641131e-05
simple,6.70485641131e-05
train,6.70485641131e-05
plane,6.70485641131e-05
$1,6.70485641131e-05
(additional,6.70485641131e-05
strategy,6.70485641131e-05
views,6.70485641131e-05
corrections,6.70485641131e-05
younger,6.70485641131e-05
cabinet,6.70485641131e-05
malian,6.70485641131e-05
initially,6.70485641131e-05
effects,6.56517190274e-05
dismissed,6.56517190274e-05
caught,6.56517190274e-05
assembly,6.56517190274e-05
league,6.56517190274e-05
tells,6.56517190274e-05
shootings,6.56517190274e-05
libya,6.56517190274e-05
bodies,6.56517190274e-05
alcohol,6.56517190274e-05
clearly,6.56517190274e-05
drones,6.56517190274e-05
developing,6.56517190274e-05
pretty,6.56517190274e-05
agenda,6.56517190274e-05
blood,6.56517190274e-05
beef,6.56517190274e-05
catholic,6.56517190274e-05
corruption,6.56517190274e-05
foundation,6.56517190274e-05
euro,6.56517190274e-05
commercial,6.56517190274e-05
fed,6.56517190274e-05
visited,6.56517190274e-05
cook,6.56517190274e-05
file),6.56517190274e-05
raising,6.56517190274e-05
class,6.56517190274e-05
miami,6.56517190274e-05
airlines,6.56517190274e-05
opinion,6.56517190274e-05
relations,6.56517190274e-05
wait,6.56517190274e-05
fellow,6.56517190274e-05
driving,6.56517190274e-05
pulled,6.42548739417e-05
photos,6.42548739417e-05
places,6.42548739417e-05
drop,6.42548739417e-05
develop,6.42548739417e-05
stars,6.42548739417e-05
tens,6.42548739417e-05
round,6.42548739417e-05
pakistani,6.42548739417e-05
sun,6.42548739417e-05
demand,6.42548739417e-05
nick,6.42548739417e-05
regional,6.42548739417e-05
“they,6.42548739417e-05
resources,6.42548739417e-05
owner,6.42548739417e-05
remember,6.42548739417e-05
grow,6.42548739417e-05
none,6.42548739417e-05
throughout,6.42548739417e-05
buildings,6.42548739417e-05
fashion,6.42548739417e-05
districts,6.42548739417e-05
model,6.42548739417e-05
sectarian,6.42548739417e-05
prosecutor,6.42548739417e-05
promised,6.42548739417e-05
killings,6.42548739417e-05
militants,6.42548739417e-05
peter,6.42548739417e-05
minority,6.42548739417e-05
difference,6.42548739417e-05
parliamentary,6.42548739417e-05
60,6.42548739417e-05
firearms,6.42548739417e-05
bills,6.42548739417e-05
related,6.42548739417e-05
statements,6.42548739417e-05
continues,6.42548739417e-05
ties,6.42548739417e-05
whatever,6.42548739417e-05
cruise,6.42548739417e-05
(reporting,6.42548739417e-05
deaths,6.42548739417e-05
supposed,6.42548739417e-05
affairs,6.2858028856e-05
corporate,6.2858028856e-05
intended,6.2858028856e-05
showing,6.2858028856e-05
entered,6.2858028856e-05
yes,6.2858028856e-05
they’re,6.2858028856e-05
ceremony,6.2858028856e-05
positive,6.2858028856e-05
surgery,6.2858028856e-05
agents,6.2858028856e-05
jewish,6.2858028856e-05
firms,6.2858028856e-05
secure,6.2858028856e-05
nomination,6.2858028856e-05
temporary,6.2858028856e-05
addition,6.2858028856e-05
messages,6.2858028856e-05
injuries,6.2858028856e-05
studio,6.2858028856e-05
menendez,6.2858028856e-05
drivers,6.2858028856e-05
match,6.2858028856e-05
virgin,6.2858028856e-05
gives,6.2858028856e-05
familiar,6.2858028856e-05
brown,6.2858028856e-05
die,6.2858028856e-05
argued,6.2858028856e-05
doctor,6.2858028856e-05
airline,6.2858028856e-05
hopes,6.2858028856e-05
determine,6.2858028856e-05
separate,6.2858028856e-05
ethnic,6.2858028856e-05
civilian,6.14611837703e-05
watched,6.14611837703e-05
sequester,6.14611837703e-05
“there,6.14611837703e-05
product,6.14611837703e-05
telling,6.14611837703e-05
speaker,6.14611837703e-05
basis,6.14611837703e-05
analyst,6.14611837703e-05
liberty,6.14611837703e-05
status,6.14611837703e-05
somebody,6.14611837703e-05
store,6.14611837703e-05
heavily,6.14611837703e-05
“but,6.14611837703e-05
indeed,6.14611837703e-05
famous,6.14611837703e-05
individual,6.14611837703e-05
design,6.14611837703e-05
patients,6.14611837703e-05
opponents,6.14611837703e-05
transition,6.14611837703e-05
assistant,6.14611837703e-05
targeted,6.14611837703e-05
meant,6.14611837703e-05
german,6.14611837703e-05
ruled,6.14611837703e-05
eric,6.14611837703e-05
networks,6.14611837703e-05
exchange,6.14611837703e-05
deliver,6.14611837703e-05
automatic,6.14611837703e-05
kennedy,6.14611837703e-05
communities,6.14611837703e-05
hindu,6.14611837703e-05
glass,6.14611837703e-05
provincial,6.14611837703e-05
massive,6.14611837703e-05
convicted,6.14611837703e-05
nation’s,6.14611837703e-05
title,6.14611837703e-05
bin,6.14611837703e-05
unless,6.14611837703e-05
presence,6.14611837703e-05
feeling,6.00643386846e-05
opposed,6.00643386846e-05
baby,6.00643386846e-05
obtained,6.00643386846e-05
fbi,6.00643386846e-05
inquiry,6.00643386846e-05
grand,6.00643386846e-05
tour,6.00643386846e-05
considering,6.00643386846e-05
dykes,6.00643386846e-05
female,6.00643386846e-05
storm,6.00643386846e-05
electric,6.00643386846e-05
quetta,6.00643386846e-05
doubt,6.00643386846e-05
command,6.00643386846e-05
limit,6.00643386846e-05
surprise,6.00643386846e-05
ship,6.00643386846e-05
kerry,6.00643386846e-05
respect,6.00643386846e-05
meetings,6.00643386846e-05
contact,6.00643386846e-05
dominated,6.00643386846e-05
partners,6.00643386846e-05
page,6.00643386846e-05
navy,6.00643386846e-05
proposal,6.00643386846e-05
drugs,6.00643386846e-05
rose,6.00643386846e-05
risks,6.00643386846e-05
commitment,6.00643386846e-05
“you,6.00643386846e-05
accident,6.00643386846e-05
appropriate,6.00643386846e-05
pieces,6.00643386846e-05
increased,6.00643386846e-05
couldn,6.00643386846e-05
consumers,6.00643386846e-05
kansas,6.00643386846e-05
â¦,6.00643386846e-05
treated,6.00643386846e-05
check,6.00643386846e-05
widely,6.00643386846e-05
analysis,6.00643386846e-05
(photo,6.00643386846e-05
learned,5.8667493599e-05
parole,5.8667493599e-05
happens,5.8667493599e-05
clashes,5.8667493599e-05
threats,5.8667493599e-05
fear,5.8667493599e-05
buying,5.8667493599e-05
long-term,5.8667493599e-05
osborne,5.8667493599e-05
developed,5.8667493599e-05
article,5.8667493599e-05
focused,5.8667493599e-05
sandy,5.8667493599e-05
herself,5.8667493599e-05
neither,5.8667493599e-05
pyongyang,5.8667493599e-05
girls,5.8667493599e-05
villages,5.8667493599e-05
checks,5.8667493599e-05
activity,5.8667493599e-05
nasa,5.8667493599e-05
threatened,5.8667493599e-05
jury,5.8667493599e-05
october,5.8667493599e-05
elected,5.8667493599e-05
beijing,5.8667493599e-05
freedom,5.8667493599e-05
jackson,5.8667493599e-05
strikes,5.8667493599e-05
23,5.8667493599e-05
extremely,5.8667493599e-05
offers,5.8667493599e-05
pop,5.8667493599e-05
present,5.8667493599e-05
hole,5.8667493599e-05
ill,5.8667493599e-05
“if,5.8667493599e-05
text,5.8667493599e-05
host,5.8667493599e-05
generation,5.8667493599e-05
moving,5.8667493599e-05
covered,5.8667493599e-05
closed,5.8667493599e-05
locked,5.72706485133e-05
pull,5.72706485133e-05
hugo,5.72706485133e-05
individuals,5.72706485133e-05
fewer,5.72706485133e-05
books,5.72706485133e-05
foot,5.72706485133e-05
delayed,5.72706485133e-05
horse,5.72706485133e-05
basic,5.72706485133e-05
posts,5.72706485133e-05
linked,5.72706485133e-05
bought,5.72706485133e-05
accept,5.72706485133e-05
determined,5.72706485133e-05
retired,5.72706485133e-05
veteran,5.72706485133e-05
touch,5.72706485133e-05
referring,5.72706485133e-05
writers,5.72706485133e-05
diplomatic,5.72706485133e-05
includes,5.72706485133e-05
reasons,5.72706485133e-05
understood,5.72706485133e-05
religious,5.72706485133e-05
unable,5.72706485133e-05
selling,5.72706485133e-05
completely,5.72706485133e-05
vast,5.72706485133e-05
karachi,5.72706485133e-05
manager,5.72706485133e-05
conducted,5.72706485133e-05
calif,5.72706485133e-05
snow,5.72706485133e-05
farmers,5.72706485133e-05
reduced,5.72706485133e-05
ali,5.72706485133e-05
style,5.72706485133e-05
arrest,5.72706485133e-05
reality,5.72706485133e-05
tehran,5.72706485133e-05
block,5.72706485133e-05
vehicle,5.72706485133e-05
brand,5.72706485133e-05
removed,5.72706485133e-05
blog,5.72706485133e-05
candidates,5.72706485133e-05
funds,5.72706485133e-05
crowd,5.58738034276e-05
seriously,5.58738034276e-05
produce,5.58738034276e-05
houses,5.58738034276e-05
lincoln,5.58738034276e-05
talked,5.58738034276e-05
complaints,5.58738034276e-05
abusive,5.58738034276e-05
egyptian,5.58738034276e-05
nice,5.58738034276e-05
allowing,5.58738034276e-05
joe,5.58738034276e-05
politically,5.58738034276e-05
walked,5.58738034276e-05
delay,5.58738034276e-05
restrictions,5.58738034276e-05
established,5.58738034276e-05
impossible,5.58738034276e-05
towards,5.58738034276e-05
battery,5.58738034276e-05
bed,5.58738034276e-05
consequences,5.58738034276e-05
thomas,5.58738034276e-05
brennan,5.58738034276e-05
gov,5.58738034276e-05
strongly,5.58738034276e-05
fast,5.58738034276e-05
prompted,5.58738034276e-05
resigned,5.58738034276e-05
st,5.58738034276e-05
tory,5.58738034276e-05
morsi,5.58738034276e-05
invited,5.58738034276e-05
cardinals,5.58738034276e-05
unlikely,5.58738034276e-05
ad,5.58738034276e-05
ideas,5.58738034276e-05
n.j,5.58738034276e-05
below,5.58738034276e-05
senators,5.58738034276e-05
slow,5.58738034276e-05
carrying,5.58738034276e-05
animals,5.58738034276e-05
viewed,5.58738034276e-05
executives,5.58738034276e-05
powers,5.58738034276e-05
aren,5.58738034276e-05
resign,5.58738034276e-05
privacy,5.58738034276e-05
calm,5.58738034276e-05
wearing,5.58738034276e-05
governments,5.58738034276e-05
guardian,5.58738034276e-05
unusual,5.58738034276e-05
mountain,5.58738034276e-05
please,5.58738034276e-05
2003,5.58738034276e-05
permanent,5.58738034276e-05
multiple,5.58738034276e-05
repeatedly,5.58738034276e-05
dna,5.44769583419e-05
lots,5.44769583419e-05
nature,5.44769583419e-05
civilians,5.44769583419e-05
interests,5.44769583419e-05
shares,5.44769583419e-05
serving,5.44769583419e-05
equipment,5.44769583419e-05
pictures,5.44769583419e-05
adviser,5.44769583419e-05
absolutely,5.44769583419e-05
introduced,5.44769583419e-05
blue,5.44769583419e-05
patrick,5.44769583419e-05
rising,5.44769583419e-05
married,5.44769583419e-05
possibly,5.44769583419e-05
beautiful,5.44769583419e-05
sea,5.44769583419e-05
album:,5.44769583419e-05
pain,5.44769583419e-05
operating,5.44769583419e-05
corp,5.44769583419e-05
announcement,5.44769583419e-05
institutions,5.44769583419e-05
speculation,5.44769583419e-05
worried,5.44769583419e-05
division,5.44769583419e-05
struggle,5.44769583419e-05
shift,5.44769583419e-05
personnel,5.44769583419e-05
26,5.44769583419e-05
22,5.44769583419e-05
orders,5.44769583419e-05
benghazi,5.44769583419e-05
wear,5.44769583419e-05
suggest,5.44769583419e-05
insisted,5.44769583419e-05
memory,5.44769583419e-05
kumbh,5.44769583419e-05
embassy,5.44769583419e-05
producer,5.44769583419e-05
upon,5.44769583419e-05
loans,5.44769583419e-05
emotional,5.44769583419e-05
oscars,5.44769583419e-05
everybody,5.44769583419e-05
normal,5.44769583419e-05
spokeswoman,5.44769583419e-05
deals,5.44769583419e-05
apply,5.44769583419e-05
bbc,5.44769583419e-05
chain,5.30801132562e-05
vision,5.30801132562e-05
witness,5.30801132562e-05
so-called,5.30801132562e-05
stuff,5.30801132562e-05
challenges,5.30801132562e-05
pledged,5.30801132562e-05
diplomats,5.30801132562e-05
happening,5.30801132562e-05
bailout,5.30801132562e-05
august,5.30801132562e-05
century,5.30801132562e-05
suggests,5.30801132562e-05
respond,5.30801132562e-05
studies,5.30801132562e-05
turning,5.30801132562e-05
section,5.30801132562e-05
physical,5.30801132562e-05
there’s,5.30801132562e-05
jordan,5.30801132562e-05
prominent,5.30801132562e-05
gove,5.30801132562e-05
demanding,5.30801132562e-05
god,5.30801132562e-05
easily,5.30801132562e-05
pacific,5.30801132562e-05
pushing,5.30801132562e-05
criticism,5.30801132562e-05
currency,5.30801132562e-05
capitol,5.30801132562e-05
screen,5.30801132562e-05
representative,5.30801132562e-05
managed,5.30801132562e-05
fish,5.30801132562e-05
boys,5.30801132562e-05
reputation,5.30801132562e-05
stephen,5.30801132562e-05
sale,5.30801132562e-05
regular,5.30801132562e-05
indian,5.30801132562e-05
shut,5.30801132562e-05
character,5.30801132562e-05
verdict,5.30801132562e-05
monetary,5.30801132562e-05
continuing,5.30801132562e-05
loved,5.30801132562e-05
appearance,5.30801132562e-05
howard,5.30801132562e-05
bringing,5.16832681705e-05
jim,5.16832681705e-05
turns,5.16832681705e-05
magazine,5.16832681705e-05
flying,5.16832681705e-05
unemployment,5.16832681705e-05
tensions,5.16832681705e-05
brief,5.16832681705e-05
algerian,5.16832681705e-05
king,5.16832681705e-05
degree,5.16832681705e-05
successor,5.16832681705e-05
explained,5.16832681705e-05
fox,5.16832681705e-05
tournament,5.16832681705e-05
sen,5.16832681705e-05
ukip,5.16832681705e-05
entirely,5.16832681705e-05
ben,5.16832681705e-05
fuel,5.16832681705e-05
clothes,5.16832681705e-05
islands,5.16832681705e-05
chemical,5.16832681705e-05
guys,5.16832681705e-05
conspiracy,5.16832681705e-05
added:,5.16832681705e-05
shots,5.16832681705e-05
straight,5.16832681705e-05
miliband,5.16832681705e-05
